User Input,Chatbot Response,Timestamp
hi,"I'm fine, thank you",2025-01-05 17:53:03
how are you,I can answer questions and provide assistance,2025-01-05 17:53:16
what is ai,I can answer questions and provide assistance,2025-01-05 17:53:24
hello,Hi there,2025-01-05 17:53:35
Advantages of cycling or walking,"Eco-friendly transportation options include cycling, walking, using public transportation, or carpooling.",2025-01-05 19:45:27
What is NLP,I can answer questions and provide assistance,2025-01-05 19:47:15
gardening,Growing a vegetable garden allows you to enjoy fresh produce and connect with nature.,2025-01-05 19:47:27
How to develop emotional intelligence,"Emotional intelligence (EQ) is the ability to understand and manage emotions, both in oneself and others.",2025-01-05 19:48:06
hello,Hi there,2025-01-05 20:16:21
AI ,"Artificial intelligence is the simulation of human intelligence in machines, enabling them to learn and perform tasks.",2025-01-05 20:16:56
